variant,N,T,batch,order_position,repetition,elapsed_ns,seed,checksum,time_s,vectors_per_s,elements_per_s,ns_per_element,gflop_per_s_3flop_convention,x_payload_gb_per_s
baseline_v3,16384,2048,1,1,1,41075215,42,21978482.1873,0.041075215,398878.009525,816902163.507,1.22413679957,2.45070649052,6.53521730805
baseline_v3,16384,2048,1,1,2,37026548,42,21978482.1873,0.037026548,442493.315877,906226310.916,1.1034771204,2.71867893275,7.24981048733
baseline_v3,16384,2048,1,1,3,37545861,42,21978482.1873,0.037545861,436372.999943,893691903.883,1.11895385385,2.68107571165,7.14953523106
baseline_v3,16384,2048,1,1,4,36869759,42,21978482.1873,0.036869759,444375.022902,910080046.902,1.09880444407,2.73024014071,7.28064037522
baseline_v3,16384,2048,1,1,5,35413393,42,21978482.1873,0.035413393,462649.822907,947506837.314,1.05540135503,2.84252051194,7.58005469851
baseline_v3,16384,2048,1,1,6,35156253,42,21978482.1873,0.035156253,466033.73801,954437095.444,1.04773798585,2.86331128633,7.63549676355
baseline_v3,16384,4096,1,2,1,79258564,42,44120056.6544,0.079258564,206715.831995,846708047.852,1.18104463816,2.54012414356,6.77366438282
baseline_v3,16384,4096,1,2,2,75984339,42,44120056.6544,0.075984339,215623.37997,883193364.359,1.13225488365,2.64958009308,7.06554691487
baseline_v3,16384,4096,1,2,3,80683624,42,44120056.6544,0.080683624,203064.750785,831753219.216,1.20227968693,2.49525965765,6.65402575373
baseline_v3,16384,4096,1,2,4,82396147,42,44120056.6544,0.082396147,198844.249355,814466045.36,1.2277982682,2.44339813608,6.51572836288
baseline_v3,16384,4096,1,2,5,75837039,42,44120056.6544,0.075837039,216042.190149,884908810.852,1.1300599426,2.65472643255,7.07927048681
baseline_v3,16384,4096,1,2,6,74838501,42,44120056.6544,0.074838501,218924.748372,896715769.334,1.11518056691,2.690147308,7.17372615467
baseline_v3,16384,512,1,3,1,8662462,42,5365761.84264,0.008662462,1891379.14833,968386123.945,1.03264594078,2.90515837183,7.74708899156
baseline_v3,16384,512,1,3,2,8810004,42,5365761.84264,0.008810004,1859704.03646,952168466.666,1.05023431778,2.8565054,7.61734773333
baseline_v3,16384,512,1,3,3,8576467,42,5365761.84264,0.008576467,1910343.73478,978095992.208,1.02239453793,2.93428797662,7.82476793766
baseline_v3,16384,512,1,3,4,9011346,42,5365761.84264,0.009011346,1818152.36037,930894008.509,1.07423615456,2.79268202553,7.44715206807
baseline_v3,16384,512,1,3,5,8676985,42,5365761.84264,0.008676985,1888213.47507,966765299.237,1.03437721729,2.90029589771,7.7341223939
baseline_v3,16384,512,1,3,6,9065334,42,5365761.84264,0.009065334,1807324.47365,925350130.508,1.08067202568,2.77605039152,7.40280104407
baseline_v3,16384,256,1,4,1,4211192,42,2602783.10434,0.004211192,3890584.89853,995989734.023,1.00402641296,2.98796920207,7.96791787218
baseline_v3,16384,256,1,4,2,4112226,42,2602783.10434,0.004112226,3984216.82077,1019959506.12,0.980431079865,3.05987851835,8.15967604893
baseline_v3,16384,256,1,4,3,4166886,42,2602783.10434,0.004166886,3931953.02199,1006579973.63,0.993463039398,3.01973992089,8.05263978904
baseline_v3,16384,256,1,4,4,4658430,42,2602783.10434,0.00465843,3517064.76216,900368579.114,1.11065626144,2.70110573734,7.20294863291
baseline_v3,16384,256,1,4,5,4236463,42,2602783.10434,0.004236463,3867377.10208,990048538.132,1.01005148888,2.9701456144,7.92038830506
baseline_v3,16384,256,1,4,6,4163191,42,2602783.10434,0.004163191,3935442.78896,1007473353.97,0.992582082748,3.02242006192,8.05978683178
baseline_v3,16384,64,1,5,1,1018370,42,660083.659795,0.00101837,16088455.0802,1029661125.13,0.971193313599,3.08898337539,8.23728900105
baseline_v3,16384,64,1,5,2,971222,42,660083.659795,0.000971222,16869469.596,1079646054.15,0.926229476929,3.23893816244,8.63716843317
baseline_v3,16384,64,1,5,3,985747,42,660083.659795,0.000985747,16620897.6543,1063737449.87,0.940081596375,3.19121234962,8.50989959898
baseline_v3,16384,64,1,5,4,911753,42,660083.659795,0.000911753,17969779.0959,1150065862.14,0.869515419006,3.45019758641,9.20052689709
baseline_v3,16384,64,1,5,5,862242,42,660083.659795,0.000862242,19001625.9936,1216104063.59,0.822298049927,3.64831219078,9.72883250874
baseline_v3,16384,64,1,5,6,998157,42,660083.659795,0.000998157,16414251.4655,1050512093.79,0.951916694641,3.15153628137,8.40409675031
baseline_v3,16384,1024,1,6,1,18509675,42,10771937.6728,0.018509675,885158.707541,906402516.522,1.10326260328,2.71920754957,7.25122013217
baseline_v3,16384,1024,1,6,2,18556459,42,10771937.6728,0.018556459,882927.071377,904117321.09,1.10605114698,2.71235196327,7.23293856872
baseline_v3,16384,1024,1,6,3,18192462,42,10771937.6728,0.018192462,900592.783978,922207010.794,1.0843552351,2.76662103238,7.37765608635
baseline_v3,16384,1024,1,6,4,18115473,42,10771937.6728,0.018115473,904420.215801,926126300.98,1.0797663331,2.77837890294,7.40901040784
baseline_v3,16384,1024,1,6,5,18210776,42,10771937.6728,0.018210776,899687.086371,921279576.444,1.08544683456,2.76383872933,7.37023661155
baseline_v3,16384,1024,1,6,6,17965578,42,10771937.6728,0.017965578,911966.205596,933853394.53,1.07083189487,2.80156018359,7.47082715624
baseline_v3,16384,128,1,7,1,2433651,42,1284671.27128,0.002433651,6732271.80068,861730790.487,1.1604552269,2.58519237146,6.8938463239
baseline_v3,16384,128,1,7,2,2289937,42,1284671.27128,0.002289937,7154781.98745,915812094.394,1.09192705154,2.74743628318,7.32649675515
baseline_v3,16384,128,1,7,3,1995912,42,1284671.27128,0.001995912,8208778.74375,1050723679.2,0.951725006104,3.1521710376,8.4057894336
baseline_v3,16384,128,1,7,4,2106459,42,1284671.27128,0.002106459,7777981.91182,995581684.714,1.00443792343,2.98674505414,7.96465347771
baseline_v3,16384,128,1,7,5,1916250,42,1284671.27128,0.00191625,8550032.61579,1094404174.82,0.913739204407,3.28321252446,8.75523339856
baseline_v3,16384,128,1,7,6,2412324,42,1284671.27128,0.002412324,6791790.8208,869349225.063,1.15028572083,2.60804767519,6.9547938005
baseline_v3,16384,32,1,8,1,482908,42,352736.719945,0.000482908,33927787.4875,1085689199.6,0.921073913574,3.2570675988,8.68551359679
baseline_v3,16384,32,1,8,2,592608,42,352736.719945,0.000592608,27647281.1707,884712997.462,1.13031005859,2.65413899239,7.0777039797
baseline_v3,16384,32,1,8,3,558322,42,352736.719945,0.000558322,29345073.2731,939042344.74,1.06491470337,2.81712703422,7.51233875792
baseline_v3,16384,32,1,8,4,770802,42,352736.719945,0.000770802,21255782.9378,680185054.009,1.47018814087,2.04055516203,5.44148043207
baseline_v3,16384,32,1,8,5,670225,42,352736.719945,0.000670225,24445522.0262,782256704.838,1.27835273743,2.34677011451,6.2580536387
baseline_v3,16384,32,1,8,6,496311,42,352736.719945,0.000496311,33011559.2844,1056369897.1,0.9466381073,3.1691096913,8.45095917681
baseline_v3,16384,128,2,1,7,2286380,42,1284671.27128,0.00228638,7165912.92786,917236854.766,1.09023094177,2.7517105643,7.33789483813
baseline_v3,16384,128,2,1,8,2244025,42,1284671.27128,0.002244025,7301166.43086,934549303.149,1.07003450394,2.80364790945,7.4763944252
baseline_v3,16384,128,2,1,9,2168065,42,1284671.27128,0.002168065,7556969.00231,967292032.296,1.0338139534,2.90187609689,7.73833625837
baseline_v3,16384,128,2,1,10,2365705,42,1284671.27128,0.002365705,6925631.04867,886480774.23,1.12805604935,2.65944232269,7.09184619384
baseline_v3,16384,128,2,1,11,2013994,42,1284671.27128,0.002013994,8135078.85326,1041290093.22,0.960347175598,3.12387027965,8.33032074574
baseline_v3,16384,128,2,1,12,1923547,42,1284671.27128,0.001923547,8517597.95836,1090252538.67,0.91721868515,3.27075761601,8.72202030936
baseline_v3,16384,1024,2,2,7,17424589,42,10771937.6728,0.017424589,940280.427848,962847158.117,1.0385864377,2.88854147435,7.70277726493
baseline_v3,16384,1024,2,2,8,17371301,42,10771937.6728,0.017371301,943164.821103,965800776.81,1.03541022539,2.89740233043,7.72640621448
baseline_v3,16384,1024,2,2,9,17583773,42,10771937.6728,0.017583773,931768.170574,954130606.668,1.04807454348,2.86239182,7.63304485334
baseline_v3,16384,1024,2,2,10,17592342,42,10771937.6728,0.017592342,931314.318469,953665862.112,1.04858529568,2.86099758634,7.6293268969
baseline_v3,16384,1024,2,2,11,19404837,42,10771937.6728,0.019404837,844325.566868,864589380.473,1.15661841631,2.59376814142,6.91671504378
baseline_v3,16384,1024,2,2,12,19889180,42,10771937.6728,0.01988918,823764.478978,843534826.473,1.18548750877,2.53060447942,6.74827861179
baseline_v3,16384,256,2,3,7,4493885,42,2602783.10434,0.004493885,3645843.18468,933335855.279,1.07142567635,2.80000756584,7.46668684223
baseline_v3,16384,256,2,3,8,4422826,42,2602783.10434,0.004422826,3704418.84894,948331225.33,1.05448389053,2.84499367599,7.58664980264
baseline_v3,16384,256,2,3,9,4767025,42,2602783.10434,0.004767025,3436944.42551,879857772.93,1.13654732704,2.63957331879,7.03886218344
baseline_v3,16384,256,2,3,10,4754973,42,2602783.10434,0.004754973,3445655.73769,882087868.848,1.13367390633,2.64626360654,7.05670295078
baseline_v3,16384,256,2,3,11,4428744,42,2602783.10434,0.004428744,3699468.74328,947063998.28,1.05589485168,2.84119199484,7.57651198624
baseline_v3,16384,256,2,3,12,4496130,42,2602783.10434,0.00449613,3644022.74845,932869823.604,1.07196092606,2.79860947081,7.46295858883
baseline_v3,16384,64,2,4,7,1214561,42,660083.659795,0.001214561,13489647.6999,863337452.792,1.15829563141,2.59001235837,6.90669962233
baseline_v3,16384,64,2,4,8,1042500,42,660083.659795,0.0010425,15716067.1463,1005828297.36,0.994205474854,3.01748489209,8.0466263789
baseline_v3,16384,64,2,4,9,1127760,42,660083.659795,0.00112776,14527913.7405,929786479.393,1.07551574707,2.78935943818,7.43829183514
baseline_v3,16384,64,2,4,10,1175910,42,660083.659795,0.00117591,13933039.0931,891714501.96,1.12143516541,2.67514350588,7.13371601568
baseline_v3,16384,64,2,4,11,907778,42,660083.659795,0.000907778,18048465.594,1155101798.02,0.865724563599,3.46530539405,9.24081438413
baseline_v3,16384,64,2,4,12,1110499,42,660083.659795,0.001110499,14753727.8287,944238581.034,1.05905437469,2.8327157431,7.55390864827
baseline_v3,16384,32,2,5,7,623203,42,352736.719945,0.000623203,26289988.9763,841279647.242,1.18866539001,2.52383894173,6.73023717793
baseline_v3,16384,32,2,5,8,511530,42,352736.719945,0.00051153,32029401.9901,1024940863.68,0.975666046143,3.07482259105,8.19952690947
baseline_v3,16384,32,2,5,9,1073445,42,352736.719945,0.001073445,15263008.3516,488416267.252,2.04743385315,1.46524880176,3.90733013801
baseline_v3,16384,32,2,5,10,618414,42,352736.719945,0.000618414,26493578.7353,847794519.529,1.17953109741,2.54338355859,6.78235615623
baseline_v3,16384,32,2,5,11,629607,42,352736.719945,0.000629607,26022582.341,832722634.914,1.20088005066,2.49816790474,6.66178107931
baseline_v3,16384,32,2,5,12,622859,42,352736.719945,0.000622859,26304508.7251,841744279.203,1.18800926208,2.52523283761,6.73395423362
baseline_v3,16384,4096,2,6,7,75370180,42,44120056.6544,0.07537018,217380.401639,890390125.113,1.12310320139,2.67117037534,7.12312100091
baseline_v3,16384,4096,2,6,8,74558193,42,44120056.6544,0.074558193,219747.814972,900087050.125,1.11100365222,2.70026115037,7.200696401
baseline_v3,16384,4096,2,6,9,77761795,42,44120056.6544,0.077761795,210694.724832,863005592.914,1.15874104202,2.58901677874,6.90404474331
baseline_v3,16384,4096,2,6,10,76646942,42,44120056.6544,0.076646942,213759.343458,875558270.805,1.14212843776,2.62667481241,7.00446616644
baseline_v3,16384,4096,2,6,11,74881521,42,44120056.6544,0.074881521,218798.974449,896200599.344,1.11582161486,2.68860179803,7.16960479475
baseline_v3,16384,4096,2,6,12,74285518,42,44120056.6544,0.074285518,220554.428927,903390940.883,1.10694047809,2.71017282265,7.22712752706
baseline_v3,16384,512,2,7,7,10027666,42,5365761.84264,0.010027666,1633879.7084,836546410.7,1.19539093971,2.5096392321,6.6923712856
baseline_v3,16384,512,2,7,8,9922574,42,5365761.84264,0.009922574,1651184.46081,845406443.933,1.18286299706,2.5362193318,6.76325155146
baseline_v3,16384,512,2,7,9,10292350,42,5365761.84264,0.01029235,1591861.91686,815033301.433,1.22694373131,2.4450999043,6.52026641146
baseline_v3,16384,512,2,7,10,10517022,42,5365761.84264,0.010517022,1557855.44615,797621988.43,1.25372672081,2.39286596529,6.38097590744
baseline_v3,16384,512,2,7,11,10341649,42,5365761.84264,0.010341649,1584273.45581,811148009.375,1.23282063007,2.43344402812,6.489184075
baseline_v3,16384,512,2,7,12,9572006,42,5365761.84264,0.009572006,1711657.93252,876368861.449,1.14107203484,2.62910658435,7.01095089159
baseline_v3,16384,2048,2,8,7,37212927,42,21978482.1873,0.037212927,440277.111231,901687523.801,1.10903164744,2.7050625714,7.2135001904
baseline_v3,16384,2048,2,8,8,36592573,42,21978482.1873,0.036592573,447741.13042,916973835.1,1.09054365754,2.7509215053,7.3357906808
baseline_v3,16384,2048,2,8,9,37182539,42,21978482.1873,0.037182539,440636.934449,902424441.752,1.10812601447,2.70727332526,7.21939553402
baseline_v3,16384,2048,2,8,10,43860634,42,21978482.1873,0.043860634,373546.811932,765023870.836,1.3071487546,2.29507161251,6.12019096669
baseline_v3,16384,2048,2,8,11,36588679,42,21978482.1873,0.036588679,447788.78188,917071425.29,1.0904276073,2.75121427587,7.33657140232
baseline_v3,16384,2048,2,8,12,37119437,42,21978482.1873,0.037119437,441386.004858,903958537.949,1.10624542832,2.71187561385,7.23166830359
baseline_v3,16384,1024,3,1,13,19086462,42,10771937.6728,0.019086462,858409.484167,879011311.787,1.13764178753,2.63703393536,7.0320904943
baseline_v3,16384,1024,3,1,14,18565968,42,10771937.6728,0.018565968,882474.859377,903654256.002,1.10661792755,2.71096276801,7.22923404802
baseline_v3,16384,1024,3,1,15,18371473,42,10771937.6728,0.018371473,891817.438917,913221057.451,1.09502512217,2.73966317235,7.30576845961
baseline_v3,16384,1024,3,1,16,19216566,42,10771937.6728,0.019216566,852597.701379,873060046.212,1.14539659023,2.61918013864,6.9844803697
baseline_v3,16384,1024,3,1,17,21967454,42,10771937.6728,0.021967454,745830.627436,763730562.495,1.30936229229,2.29119168748,6.10984449996
baseline_v3,16384,1024,3,1,18,18374502,42,10771937.6728,0.018374502,891670.424592,913070514.782,1.09520566463,2.73921154435,7.30456411825
baseline_v3,16384,4096,3,2,13,74782741,42,44120056.6544,0.074782741,219087.984486,897384384.453,1.11434967816,2.69215315336,7.17907507562
baseline_v3,16384,4096,3,2,14,77722404,42,44120056.6544,0.077722404,210801.508404,863442978.424,1.15815407038,2.59032893527,6.90754382739
baseline_v3,16384,4096,3,2,15,74462720,42,44120056.6544,0.07446272,220029.566473,901241104.273,1.10958099365,2.70372331282,7.20992883419
baseline_v3,16384,4096,3,2,16,74715420,42,44120056.6544,0.07471542,219285.389816,898192956.688,1.11334651709,2.69457887006,7.18554365351
baseline_v3,16384,4096,3,2,17,78725430,42,44120056.6544,0.07872543,208115.725757,852442012.702,1.17310032248,2.5573260381,6.81953610161
baseline_v3,16384,4096,3,2,18,75082720,42,44120056.6544,0.07508272,218212.659318,893799052.565,1.11881971359,2.68139715769,7.15039242052
baseline_v3,16384,64,3,3,13,959882,42,660083.659795,0.000959882,17068764.7023,1092400940.95,0.915414810181,3.27720282285,8.73920752759
baseline_v3,16384,64,3,3,14,864297,42,660083.659795,0.000864297,18956446.6844,1213212587.8,0.824257850647,3.63963776341,9.70570070242
baseline_v3,16384,64,3,3,15,911557,42,660083.659795,0.000911557,17973642.8989,1150313145.53,0.86932849884,3.45093943659,9.20250516424
baseline_v3,16384,64,3,3,16,916204,42,660083.659795,0.000916204,17882480.321,1144478740.54,0.873760223389,3.43343622163,9.15582992434
baseline_v3,16384,64,3,3,17,960513,42,660083.659795,0.000960513,17057551.5376,1091683298.4,0.916016578674,3.27504989521,8.73346638723
baseline_v3,16384,64,3,3,18,960214,42,660083.659795,0.000960214,17062863.0701,1092023236.49,0.915731430054,3.27606970946,8.73618589189
baseline_v3,16384,32,3,4,13,426488,42,352736.719945,0.000426488,38416086.7363,1229314775.56,0.813461303711,3.68794432669,9.8345182045
baseline_v3,16384,32,3,4,14,414636,42,352736.719945,0.000414636,39514176.2896,1264453641.27,0.790855407715,3.7933609238,10.1156291301
baseline_v3,16384,32,3,4,15,462072,42,352736.719945,0.000462072,35457677.5914,1134645682.92,0.881332397461,3.40393704877,9.07716546339
baseline_v3,16384,32,3,4,16,460812,42,352736.719945,0.000460812,35554629.6537,1137748148.92,0.878929138184,3.41324444676,9.10198519136
baseline_v3,16384,32,3,4,17,773070,42,352736.719945,0.00077307,21193423.6227,678189555.926,1.47451400757,2.03456866778,5.42551644741
baseline_v3,16384,32,3,4,18,491795,42,352736.719945,0.000491795,33314694.1307,1066070212.18,0.938024520874,3.19821063655,8.52856169746
baseline_v3,16384,128,3,5,13,2231063,42,1284671.27128,0.002231063,7343584.65001,939978835.201,1.06385374069,2.8199365056,7.51983068161
baseline_v3,16384,128,3,5,14,2101223,42,1284671.27128,0.002101223,7797363.72579,998062556.901,1.00194120407,2.9941876707,7.98450045521
baseline_v3,16384,128,3,5,15,2034733,42,1284671.27128,0.002034733,8052162.12643,1030676752.18,0.970236301422,3.09203025655,8.24541401747
baseline_v3,16384,128,3,5,16,2019220,42,1284671.27128,0.00201922,8114024.22718,1038595101.08,0.962839126587,3.11578530324,8.30876080863
baseline_v3,16384,128,3,5,17,1950954,42,1284671.27128,0.001950954,8397942.75006,1074936672.01,0.930287361145,3.22481001602,8.59949337606
baseline_v3,16384,128,3,5,18,2018210,42,1284671.27128,0.00201821,8118084.83755,1039114859.21,0.962357521057,3.11734457762,8.31291887366
baseline_v3,16384,2048,3,6,13,36248241,42,21978482.1873,0.036248241,451994.346429,925684421.487,1.08028176427,2.77705326446,7.40547537189
baseline_v3,16384,2048,3,6,14,36807115,42,21978482.1873,0.036807115,445131.328549,911628960.868,1.09693750739,2.7348868826,7.29303168694
baseline_v3,16384,2048,3,6,15,37036086,42,21978482.1873,0.037036086,442379.359417,905992928.086,1.10376137495,2.71797878426,7.24794342469
baseline_v3,16384,2048,3,6,16,37233865,42,21978482.1873,0.037233865,440029.526884,901180471.058,1.10965564847,2.70354141317,7.20944376846
baseline_v3,16384,2048,3,6,17,37286343,42,21978482.1873,0.037286343,439410.215156,899912120.639,1.11121961474,2.69973636192,7.19929696511
baseline_v3,16384,2048,3,6,18,39545508,42,21978482.1873,0.039545508,414307.485948,848501731.221,1.1785479784,2.54550519366,6.78801384977
baseline_v3,16384,256,3,7,13,4799640,42,2602783.10434,0.00479964,3413589.35253,873878874.249,1.144323349,2.62163662275,6.99103099399
baseline_v3,16384,256,3,7,14,4837364,42,2602783.10434,0.004837364,3386968.60522,867063962.935,1.15331745148,2.60119188881,6.93651170348
baseline_v3,16384,256,3,7,15,4752079,42,2602783.10434,0.004752079,3447754.13035,882625057.37,1.13298392296,2.64787517211,7.06100045896
baseline_v3,16384,256,3,7,16,4739063,42,2602783.10434,0.004739063,3457223.506,885049217.535,1.12988066673,2.65514765261,7.08039374028
baseline_v3,16384,256,3,7,17,4861529,42,2602783.10434,0.004861529,3370133.14124,862754084.157,1.15907883644,2.58826225247,6.90203267326
baseline_v3,16384,256,3,7,18,4807939,42,2602783.10434,0.004807939,3407697.14424,872370468.926,1.14630198479,2.61711140678,6.97896375141
baseline_v3,16384,512,3,8,13,8571698,42,5365761.84264,0.008571698,1911406.58479,978640171.411,1.02182602882,2.93592051423,7.82912137128
baseline_v3,16384,512,3,8,14,9407100,42,5365761.84264,0.0094071,1741663.21183,891731564.457,1.12141370773,2.67519469337,7.13385251565
baseline_v3,16384,512,3,8,15,9102668,42,5365761.84264,0.009102668,1799911.85002,921554867.21,1.0851225853,2.76466460163,7.37243893768
baseline_v3,16384,512,3,8,16,9342495,42,5365761.84264,0.009342495,1753707.11999,897898045.436,1.11371219158,2.69369413631,7.18318436349
baseline_v3,16384,512,3,8,17,9559120,42,5365761.84264,0.00955912,1713965.30225,877550234.75,1.13953590393,2.63265070425,7.020401878
baseline_v3,16384,512,3,8,18,9190682,42,5365761.84264,0.009190682,1782675.10507,912729653.795,1.09561467171,2.73818896139,7.30183723036
baseline_v3,16384,2048,4,1,19,38432683,42,21978482.1873,0.038432683,426303.831039,873070245.967,1.14538320899,2.6192107379,6.98456196774
baseline_v3,16384,2048,4,1,20,43482634,42,21978482.1873,0.043482634,376794.101296,771674319.454,1.29588347673,2.31502295836,6.17339455563
baseline_v3,16384,2048,4,1,21,39546987,42,21978482.1873,0.039546987,414291.991448,848469998.486,1.17859205604,2.54540999546,6.78775998788
baseline_v3,16384,2048,4,1,22,38917761,42,21978482.1873,0.038917761,420990.303116,862188140.782,1.15983965993,2.58656442235,6.89750512626
baseline_v3,16384,2048,4,1,23,38136731,42,21978482.1873,0.038136731,429612.071365,879845522.156,1.13656315207,2.63953656647,7.03876417724
baseline_v3,16384,2048,4,1,24,37219199,42,21978482.1873,0.037219199,440202.917854,901535575.766,1.10921856761,2.7046067273,7.21228460612
baseline_v3,16384,1024,4,2,19,19603970,42,10771937.6728,0.01960397,835749.085517,855807063.569,1.16848766804,2.56742119071,6.84645650855
baseline_v3,16384,1024,4,2,20,18435889,42,10771937.6728,0.018435889,888701.380226,910030213.352,1.09886461496,2.73009064006,7.28024170681
baseline_v3,16384,1024,4,2,21,18395016,42,10771937.6728,0.018395016,890676.03964,912052264.592,1.09642839432,2.73615679378,7.29641811673
baseline_v3,16384,1024,4,2,22,18717321,42,10771937.6728,0.018717321,875338.944072,896347078.73,1.11563926935,2.68904123619,7.17077662984
baseline_v3,16384,1024,4,2,23,18400636,42,10771937.6728,0.018400636,890404.005601,911773701.735,1.09676337242,2.73532110521,7.29418961388
baseline_v3,16384,1024,4,2,24,18211030,42,10771937.6728,0.01821103,899674.537904,921266726.813,1.08546197414,2.76380018044,7.37013381451
baseline_v3,16384,128,4,3,19,1926302,42,1284671.27128,0.001926302,8505416.07702,1088693257.86,0.918532371521,3.26607977358,8.70954606287
baseline_v3,16384,128,4,3,20,1890021,42,1284671.27128,0.001890021,8668686.75004,1109591904.01,0.901232242584,3.32877571202,8.87673523204
baseline_v3,16384,128,4,3,21,2507956,42,1284671.27128,0.002507956,6532809.9855,836199678.144,1.19588661194,2.50859903443,6.68959742515
baseline_v3,16384,128,4,3,22,2196110,42,1284671.27128,0.00219611,7460464.1844,954939415.603,1.0471868515,2.86481824681,7.63951532482
baseline_v3,16384,128,4,3,23,2282496,42,1284671.27128,0.002282496,7178106.77434,918797667.115,1.08837890625,2.75639300135,7.35038133692
baseline_v3,16384,128,4,3,24,2339547,42,1284671.27128,0.002339547,7003065.12329,896392335.781,1.11558294296,2.68917700734,7.17113868625
baseline_v3,16384,4096,4,4,19,74911145,42,44120056.6544,0.074911145,218712.449262,895846192.179,1.11626304686,2.68753857654,7.16676953743
baseline_v3,16384,4096,4,4,20,74382513,42,44120056.6544,0.074382513,220266.825349,902212916.63,1.10838581622,2.70663874989,7.21770333304
baseline_v3,16384,4096,4,4,21,76523495,42,44120056.6544,0.076523495,214104.17807,876970713.374,1.14028893411,2.63091214012,7.01576570699
baseline_v3,16384,4096,4,4,22,77623045,42,44120056.6544,0.077623045,211071.338415,864548202.148,1.1566735059,2.59364460644,6.91638561718
baseline_v3,16384,4096,4,4,23,73426382,42,44120056.6544,0.073426382,223135.057914,913961197.217,1.09413835406,2.74188359165,7.31168957773
baseline_v3,16384,4096,4,4,24,71283371,42,44120056.6544,0.071283371,229843.22669,941437856.523,1.06220500171,2.82431356957,7.53150285219
baseline_v3,16384,512,4,5,19,9436291,42,5365761.84264,0.009436291,1736275.40736,888973008.569,1.1248935461,2.66691902571,7.11178406855
baseline_v3,16384,512,4,5,20,9227268,42,5365761.84264,0.009227268,1775606.821,909110692.352,1.09997606277,2.72733207706,7.27288553882
baseline_v3,16384,512,4,5,21,9406275,42,5365761.84264,0.009406275,1741815.9686,891809775.921,1.12131536007,2.67542932776,7.13447820737
baseline_v3,16384,512,4,5,22,9265793,42,5365761.84264,0.009265793,1768224.26316,905330822.737,1.10456860065,2.71599246821,7.2426465819
baseline_v3,16384,512,4,5,23,9081500,42,5365761.84264,0.0090815,1804107.251,923702912.514,1.08259916306,2.77110873754,7.38962330012
baseline_v3,16384,512,4,5,24,9215988,42,5365761.84264,0.009215988,1777780.0926,910223407.409,1.09863138199,2.73067022223,7.28178725927
baseline_v3,16384,32,4,6,19,499669,42,352736.719945,0.000499669,32789706.7859,1049270617.15,0.953042984009,3.14781185145,8.39416493719
baseline_v3,16384,32,4,6,20,514088,42,352736.719945,0.000514088,31870030.0338,1019840961.08,0.980545043945,3.05952288324,8.15872768864
baseline_v3,16384,32,4,6,21,468912,42,352736.719945,0.000468912,34940457.9111,1118094653.15,0.894378662109,3.35428395946,8.94475722524
baseline_v3,16384,32,4,6,22,609063,42,352736.719945,0.000609063,26900337.0751,860810786.405,1.16169548035,2.58243235921,6.88648629124
baseline_v3,16384,32,4,6,23,663968,42,352736.719945,0.000663968,24675887.9946,789628415.827,1.26641845703,2.36888524748,6.31702732662
baseline_v3,16384,32,4,6,24,684237,42,352736.719945,0.000684237,23944919.6696,766237429.429,1.30507850647,2.29871228829,6.12989943543
baseline_v3,16384,256,4,7,19,4410968,42,2602783.10434,0.004410968,3714377.43371,950880623.029,1.05165672302,2.85264186909,7.60704498423
baseline_v3,16384,256,4,7,20,4469807,42,2602783.10434,0.004469807,3665482.64836,938363557.979,1.0656850338,2.81509067394,7.50690846383
baseline_v3,16384,256,4,7,21,4923288,42,2602783.10434,0.004923288,3327857.31812,851931473.438,1.17380332947,2.55579442031,6.8154517875
baseline_v3,16384,256,4,7,22,4580679,42,2602783.10434,0.004580679,3576762.30969,915651151.281,1.0921189785,2.74695345384,7.32520921025
baseline_v3,16384,256,4,7,23,4192458,42,2602783.10434,0.004192458,3907969.97847,1000440314.49,0.999559879303,3.00132094347,8.00352251591
baseline_v3,16384,256,4,7,24,4704144,42,2602783.10434,0.004704144,3482886.5783,891618964.045,1.12155532837,2.67485689214,7.13295171236
baseline_v3,16384,64,4,8,19,909186,42,660083.659795,0.000909186,18020515.0541,1153312963.46,0.867067337036,3.45993889039,9.22650370771
baseline_v3,16384,64,4,8,20,901418,42,660083.659795,0.000901418,18175807.45,1163251676.8,0.859659194946,3.48975503041,9.30601341442
baseline_v3,16384,64,4,8,21,938662,42,660083.659795,0.000938662,17454632.2318,1117096462.84,0.895177841187,3.35128938851,8.9367717027
baseline_v3,16384,64,4,8,22,876620,42,660083.659795,0.00087662,18689968.2873,1196157970.39,0.836009979248,3.58847391116,9.56926376309
baseline_v3,16384,64,4,8,23,872023,42,660083.659795,0.000872023,18788495.2576,1202463696.49,0.831625938416,3.60739108946,9.61970957188
baseline_v3,16384,64,4,8,24,922283,42,660083.659795,0.000922283,17764612.3804,1136935192.34,0.879557609558,3.41080557703,9.09548153875
baseline_v3,16384,2048,5,1,25,35352481,42,21978482.1873,0.035352481,463446.964302,949139382.891,1.05358603597,2.84741814867,7.59311506313
baseline_v3,16384,2048,5,1,26,39206805,42,21978482.1873,0.039206805,417886.639832,855831838.376,1.1684538424,2.56749551513,6.84665470701
baseline_v3,16384,2048,5,1,27,35498551,42,21978482.1873,0.035498551,461539.965392,945233849.122,1.0579392612,2.83570154737,7.56187079298
baseline_v3,16384,2048,5,1,28,37593319,42,21978482.1873,0.037593319,435822.120415,892563702.609,1.12036821246,2.67769110783,7.14050962087
baseline_v3,16384,2048,5,1,29,36934401,42,21978482.1873,0.036934401,443597.284819,908487239.308,1.1007309258,2.72546171793,7.26789791447
baseline_v3,16384,2048,5,1,30,37543346,42,21978482.1873,0.037543346,436402.232236,893751771.619,1.118878901,2.68125531486,7.15001417295
baseline_v3,16384,64,5,2,25,902170,42,660083.659795,0.00090217,18160657.0824,1162282053.27,0.860376358032,3.48684615981,9.29825642617
baseline_v3,16384,64,5,2,26,959995,42,660083.659795,0.000959995,17066755.556,1092272355.59,0.915522575378,3.27681706676,8.73817884468
baseline_v3,16384,64,5,2,27,1100201,42,660083.659795,0.001100201,14891824.3121,953076755.975,1.04923343658,2.85923026792,7.6246140478
baseline_v3,16384,64,5,2,28,1021238,42,660083.659795,0.001021238,16043272.9687,1026769470,0.973928451538,3.08030840999,8.21415575997
baseline_v3,16384,64,5,2,29,1100987,42,660083.659795,0.001100987,14881192.9659,952396349.821,1.0499830246,2.85718904946,7.61917079857
baseline_v3,16384,64,5,2,30,1035599,42,660083.659795,0.001035599,15820795.501,1012530912.06,0.987624168396,3.03759273618,8.10024729649
baseline_v3,16384,128,5,3,25,2696845,42,1284671.27128,0.002696845,6075247.18699,777631639.935,1.28595590591,2.3328949198,6.22105311948
baseline_v3,16384,128,5,3,26,2922693,42,1284671.27128,0.002922693,5605788.9077,717540980.185,1.39364862442,2.15262294056,5.74032784148
baseline_v3,16384,128,5,3,27,2264136,42,1284671.27128,0.002264136,7236314.42634,926248246.572,1.07962417603,2.77874473972,7.40998597257
baseline_v3,16384,128,5,3,28,2413305,42,1284671.27128,0.002413305,6789029.98171,868995837.658,1.15075349808,2.60698751297,6.95196670127
baseline_v3,16384,128,5,3,29,2312187,42,1284671.27128,0.002312187,7085932.06345,906999304.122,1.10253667831,2.72099791237,7.25599443298
baseline_v3,16384,128,5,3,30,2126177,42,1284671.27128,0.002126177,7705849.513,986348737.664,1.01384019852,2.95904621299,7.89078990131
baseline_v3,16384,4096,5,4,25,74278814,42,44120056.6544,0.074278814,220574.334964,903472476.014,1.1068405807,2.71041742804,7.22777980812
baseline_v3,16384,4096,5,4,26,79302443,42,44120056.6544,0.079302443,206601.453627,846239554.058,1.18169848621,2.53871866217,6.76991643246
baseline_v3,16384,4096,5,4,27,74479320,42,44120056.6544,0.07447932,219980.526138,901040235.061,1.10982835293,2.70312070518,7.20832188049
baseline_v3,16384,4096,5,4,28,74345029,42,44120056.6544,0.074345029,220377.88162,902667803.116,1.10782726109,2.70800340935,7.22134242493
baseline_v3,16384,4096,5,4,29,79013742,42,44120056.6544,0.079013742,207356.33556,849331550.454,1.17739650607,2.54799465136,6.79465240363
baseline_v3,16384,4096,5,4,30,74238036,42,44120056.6544,0.074238036,220695.493615,903968741.845,1.10623294115,2.71190622554,7.23174993476
baseline_v3,16384,512,5,5,25,8699823,42,5365761.84264,0.008699823,1883256.70534,964227433.133,1.03709971905,2.8926822994,7.71381946506
baseline_v3,16384,512,5,5,26,8612428,42,5365761.84264,0.008612428,1902367.13735,974011974.324,1.02668142319,2.92203592297,7.79209579459
baseline_v3,16384,512,5,5,27,9277972,42,5365761.84264,0.009277972,1765903.15211,904142413.881,1.10602045059,2.71242724164,7.23313931105
baseline_v3,16384,512,5,5,28,9186619,42,5365761.84264,0.009186619,1783463.53539,913133330.119,1.09513032436,2.73939999036,7.30506664095
baseline_v3,16384,512,5,5,29,9360340,42,5365761.84264,0.00936034,1750363.76884,896186249.645,1.11583948135,2.68855874893,7.16948999716
baseline_v3,16384,512,5,5,30,9421593,42,5365761.84264,0.009421593,1738984.05503,890359836.176,1.12314140797,2.67107950853,7.12287868941
baseline_v3,16384,256,5,6,25,4514712,42,2602783.10434,0.004514712,3629024.39846,929030246.005,1.07639122009,2.78709073801,7.43224196804
baseline_v3,16384,256,5,6,26,4691970,42,2602783.10434,0.00469197,3491923.43515,893932399.397,1.11865282059,2.68179719819,7.15145919518
baseline_v3,16384,256,5,6,27,4873264,42,2602783.10434,0.004873264,3362017.73596,860676540.405,1.16187667847,2.58202962121,6.88541232324
baseline_v3,16384,256,5,6,28,4332578,42,2602783.10434,0.004332578,3781582.2358,968085052.364,1.03296709061,2.90425515709,7.74468041891
baseline_v3,16384,256,5,6,29,4467525,42,2602783.10434,0.004467525,3667354.96724,938842871.612,1.0651409626,2.81652861484,7.5107429729
baseline_v3,16384,256,5,6,30,4842548,42,2602783.10434,0.004842548,3383342.8187,866135761.587,1.15455341339,2.59840728476,6.92908609269
baseline_v3,16384,32,5,7,25,499298,42,352736.719945,0.000499298,32814070.9556,1050050270.58,0.952335357666,3.15015081174,8.40040216464
baseline_v3,16384,32,5,7,26,468877,42,352736.719945,0.000468877,34943066.092,1118178114.94,0.894311904907,3.35453434483,8.94542491954
baseline_v3,16384,32,5,7,27,524452,42,352736.719945,0.000524452,31240227.895,999687292.641,1.00031280518,2.99906187792,7.99749834113
baseline_v3,16384,32,5,7,28,420842,42,352736.719945,0.000420842,38931475.4706,1245807215.06,0.80269241333,3.73742164518,9.96645772047
baseline_v3,16384,32,5,7,29,465998,42,352736.719945,0.000465998,35158949.18,1125086373.76,0.888820648193,3.37525912128,9.00069099009
baseline_v3,16384,32,5,7,30,446693,42,352736.719945,0.000446693,36678434.6296,1173709908.15,0.851999282837,3.52112972444,9.38967926518
baseline_v3,16384,1024,5,8,25,20814483,42,10771937.6728,0.020814483,787144.220685,806035681.982,1.2406398654,2.41810704594,6.44828545585
baseline_v3,16384,1024,5,8,26,19256590,42,10771937.6728,0.01925659,850825.613465,871245428.188,1.14778220654,2.61373628457,6.96996342551
baseline_v3,16384,1024,5,8,27,18272306,42,10771937.6728,0.018272306,896657.488113,918177267.828,1.08911430836,2.75453180348,7.34541814263
baseline_v3,16384,1024,5,8,28,18404233,42,10771937.6728,0.018404233,890229.981331,911595500.883,1.09697777033,2.73478650265,7.29276400706
baseline_v3,16384,1024,5,8,29,18295773,42,10771937.6728,0.018295773,895507.393976,916999571.431,1.09051305056,2.75099871429,7.33599657145
baseline_v3,16384,1024,5,8,30,18436602,42,10771937.6728,0.018436602,888667.011416,909995019.69,1.09890711308,2.72998505907,7.27996015752
