variant,N,T,batch,order_position,repetition,elapsed_ns,seed,checksum
optimized_v4,16384,64,1,1,1,670391,42,660083.65979530779
optimized_v4,16384,64,1,1,2,647860,42,660083.65979530779
optimized_v4,16384,64,1,1,3,764101,42,660083.65979530779
optimized_v4,16384,64,1,1,4,819585,42,660083.65979530779
optimized_v4,16384,64,1,1,5,774932,42,660083.65979530779
optimized_v4,16384,64,1,1,6,796089,42,660083.65979530779
optimized_v4,16384,4096,1,2,1,48037658,42,44120056.654433712
optimized_v4,16384,4096,1,2,2,47100737,42,44120056.654433712
optimized_v4,16384,4096,1,2,3,55459549,42,44120056.654433712
optimized_v4,16384,4096,1,2,4,46661093,42,44120056.654433712
optimized_v4,16384,4096,1,2,5,48076411,42,44120056.654433712
optimized_v4,16384,4096,1,2,6,52636222,42,44120056.654433712
optimized_v4,16384,256,1,3,1,2742434,42,2602783.1043406166
optimized_v4,16384,256,1,3,2,2528395,42,2602783.1043406166
optimized_v4,16384,256,1,3,3,2554963,42,2602783.1043406166
optimized_v4,16384,256,1,3,4,2743430,42,2602783.1043406166
optimized_v4,16384,256,1,3,5,2720193,42,2602783.1043406166
optimized_v4,16384,256,1,3,6,2865882,42,2602783.1043406166
baseline_v3,16384,32,1,4,1,426868,42,352736.71994500834
baseline_v3,16384,32,1,4,2,467422,42,352736.71994500834
baseline_v3,16384,32,1,4,3,398109,42,352736.71994500834
baseline_v3,16384,32,1,4,4,422018,42,352736.71994500834
baseline_v3,16384,32,1,4,5,437465,42,352736.71994500834
baseline_v3,16384,32,1,4,6,405177,42,352736.71994500834
baseline_v3,16384,64,1,5,1,1182057,42,660083.65979530779
baseline_v3,16384,64,1,5,2,1014663,42,660083.65979530779
baseline_v3,16384,64,1,5,3,1059107,42,660083.65979530779
baseline_v3,16384,64,1,5,4,1148613,42,660083.65979530779
baseline_v3,16384,64,1,5,5,1050383,42,660083.65979530779
baseline_v3,16384,64,1,5,6,953999,42,660083.65979530779
optimized_v4,16384,1024,1,6,1,10485586,42,10771937.672788229
optimized_v4,16384,1024,1,6,2,10822852,42,10771937.672788229
optimized_v4,16384,1024,1,6,3,11477756,42,10771937.672788229
optimized_v4,16384,1024,1,6,4,11190690,42,10771937.672788229
optimized_v4,16384,1024,1,6,5,11151905,42,10771937.672788229
optimized_v4,16384,1024,1,6,6,11488526,42,10771937.672788229
optimized_v4,16384,512,1,7,1,5218998,42,5365761.8426366011
optimized_v4,16384,512,1,7,2,5147031,42,5365761.8426366011
optimized_v4,16384,512,1,7,3,6019990,42,5365761.8426366011
optimized_v4,16384,512,1,7,4,5106963,42,5365761.8426366011
optimized_v4,16384,512,1,7,5,5692211,42,5365761.8426366011
optimized_v4,16384,512,1,7,6,6103423,42,5365761.8426366011
baseline_v3,16384,4096,1,8,1,74165747,42,44120056.654433712
baseline_v3,16384,4096,1,8,2,74798111,42,44120056.654433712
baseline_v3,16384,4096,1,8,3,77688172,42,44120056.654433712
baseline_v3,16384,4096,1,8,4,75051560,42,44120056.654433712
baseline_v3,16384,4096,1,8,5,70432740,42,44120056.654433712
baseline_v3,16384,4096,1,8,6,70054143,42,44120056.654433712
optimized_v4,16384,32,1,9,1,359382,42,352736.71994500834
optimized_v4,16384,32,1,9,2,298767,42,352736.71994500834
optimized_v4,16384,32,1,9,3,315365,42,352736.71994500834
optimized_v4,16384,32,1,9,4,452217,42,352736.71994500834
optimized_v4,16384,32,1,9,5,426718,42,352736.71994500834
optimized_v4,16384,32,1,9,6,368268,42,352736.71994500834
optimized_v4,16384,128,1,10,1,1292889,42,1284671.2712755087
optimized_v4,16384,128,1,10,2,1235128,42,1284671.2712755087
optimized_v4,16384,128,1,10,3,1266065,42,1284671.2712755087
optimized_v4,16384,128,1,10,4,1653762,42,1284671.2712755087
optimized_v4,16384,128,1,10,5,1835543,42,1284671.2712755087
optimized_v4,16384,128,1,10,6,1502344,42,1284671.2712755087
baseline_v3,16384,512,1,11,1,11428818,42,5365761.8426366011
baseline_v3,16384,512,1,11,2,10971659,42,5365761.8426366011
baseline_v3,16384,512,1,11,3,9381374,42,5365761.8426366011
baseline_v3,16384,512,1,11,4,9613002,42,5365761.8426366011
baseline_v3,16384,512,1,11,5,9210709,42,5365761.8426366011
baseline_v3,16384,512,1,11,6,9482990,42,5365761.8426366011
baseline_v3,16384,2048,1,12,1,35663038,42,21978482.187348239
baseline_v3,16384,2048,1,12,2,35506666,42,21978482.187348239
baseline_v3,16384,2048,1,12,3,36571977,42,21978482.187348239
baseline_v3,16384,2048,1,12,4,41718810,42,21978482.187348239
baseline_v3,16384,2048,1,12,5,37896827,42,21978482.187348239
baseline_v3,16384,2048,1,12,6,38193901,42,21978482.187348239
baseline_v3,16384,256,1,13,1,4974905,42,2602783.1043406166
baseline_v3,16384,256,1,13,2,4772898,42,2602783.1043406166
baseline_v3,16384,256,1,13,3,4534788,42,2602783.1043406166
baseline_v3,16384,256,1,13,4,4558522,42,2602783.1043406166
baseline_v3,16384,256,1,13,5,4666609,42,2602783.1043406166
baseline_v3,16384,256,1,13,6,4599271,42,2602783.1043406166
baseline_v3,16384,1024,1,14,1,18371488,42,10771937.672788229
baseline_v3,16384,1024,1,14,2,18507534,42,10771937.672788229
baseline_v3,16384,1024,1,14,3,18559824,42,10771937.672788229
baseline_v3,16384,1024,1,14,4,18616515,42,10771937.672788229
baseline_v3,16384,1024,1,14,5,18920574,42,10771937.672788229
baseline_v3,16384,1024,1,14,6,19533783,42,10771937.672788229
optimized_v4,16384,2048,1,15,1,33241188,42,21978482.187348239
optimized_v4,16384,2048,1,15,2,29279606,42,21978482.187348239
optimized_v4,16384,2048,1,15,3,29862848,42,21978482.187348239
optimized_v4,16384,2048,1,15,4,25354688,42,21978482.187348239
optimized_v4,16384,2048,1,15,5,27821326,42,21978482.187348239
optimized_v4,16384,2048,1,15,6,25886589,42,21978482.187348239
baseline_v3,16384,128,1,16,1,2186835,42,1284671.2712755087
baseline_v3,16384,128,1,16,2,2233298,42,1284671.2712755087
baseline_v3,16384,128,1,16,3,2315542,42,1284671.2712755087
baseline_v3,16384,128,1,16,4,2031816,42,1284671.2712755087
baseline_v3,16384,128,1,16,5,3189362,42,1284671.2712755087
baseline_v3,16384,128,1,16,6,2510562,42,1284671.2712755087
optimized_v4,16384,32,2,1,7,298807,42,352736.71994500834
optimized_v4,16384,32,2,1,8,336194,42,352736.71994500834
optimized_v4,16384,32,2,1,9,286742,42,352736.71994500834
optimized_v4,16384,32,2,1,10,288177,42,352736.71994500834
optimized_v4,16384,32,2,1,11,285587,42,352736.71994500834
optimized_v4,16384,32,2,1,12,345021,42,352736.71994500834
baseline_v3,16384,256,2,2,7,4566599,42,2602783.1043406166
baseline_v3,16384,256,2,2,8,5134271,42,2602783.1043406166
baseline_v3,16384,256,2,2,9,4749905,42,2602783.1043406166
baseline_v3,16384,256,2,2,10,4870718,42,2602783.1043406166
baseline_v3,16384,256,2,2,11,5234027,42,2602783.1043406166
baseline_v3,16384,256,2,2,12,4894425,42,2602783.1043406166
optimized_v4,16384,1024,2,3,7,12505110,42,10771937.672788229
optimized_v4,16384,1024,2,3,8,11855477,42,10771937.672788229
optimized_v4,16384,1024,2,3,9,11371700,42,10771937.672788229
optimized_v4,16384,1024,2,3,10,14616009,42,10771937.672788229
optimized_v4,16384,1024,2,3,11,16113603,42,10771937.672788229
optimized_v4,16384,1024,2,3,12,12109588,42,10771937.672788229
optimized_v4,16384,512,2,4,7,5889179,42,5365761.8426366011
optimized_v4,16384,512,2,4,8,6018571,42,5365761.8426366011
optimized_v4,16384,512,2,4,9,5743876,42,5365761.8426366011
optimized_v4,16384,512,2,4,10,5579007,42,5365761.8426366011
optimized_v4,16384,512,2,4,11,6358159,42,5365761.8426366011
optimized_v4,16384,512,2,4,12,5947793,42,5365761.8426366011
optimized_v4,16384,4096,2,5,7,48136159,42,44120056.654433712
optimized_v4,16384,4096,2,5,8,48370023,42,44120056.654433712
optimized_v4,16384,4096,2,5,9,48657716,42,44120056.654433712
optimized_v4,16384,4096,2,5,10,60262173,42,44120056.654433712
optimized_v4,16384,4096,2,5,11,56431193,42,44120056.654433712
optimized_v4,16384,4096,2,5,12,63558121,42,44120056.654433712
optimized_v4,16384,256,2,6,7,3039203,42,2602783.1043406166
optimized_v4,16384,256,2,6,8,4412435,42,2602783.1043406166
optimized_v4,16384,256,2,6,9,3263282,42,2602783.1043406166
optimized_v4,16384,256,2,6,10,2948269,42,2602783.1043406166
optimized_v4,16384,256,2,6,11,3147896,42,2602783.1043406166
optimized_v4,16384,256,2,6,12,3048252,42,2602783.1043406166
baseline_v3,16384,512,2,7,7,9205870,42,5365761.8426366011
baseline_v3,16384,512,2,7,8,9709444,42,5365761.8426366011
baseline_v3,16384,512,2,7,9,10155890,42,5365761.8426366011
baseline_v3,16384,512,2,7,10,10653643,42,5365761.8426366011
baseline_v3,16384,512,2,7,11,10478009,42,5365761.8426366011
baseline_v3,16384,512,2,7,12,11127245,42,5365761.8426366011
optimized_v4,16384,64,2,8,7,638745,42,660083.65979530779
optimized_v4,16384,64,2,8,8,587761,42,660083.65979530779
optimized_v4,16384,64,2,8,9,733599,42,660083.65979530779
optimized_v4,16384,64,2,8,10,802871,42,660083.65979530779
optimized_v4,16384,64,2,8,11,818043,42,660083.65979530779
optimized_v4,16384,64,2,8,12,743154,42,660083.65979530779
baseline_v3,16384,32,2,9,7,447231,42,352736.71994500834
baseline_v3,16384,32,2,9,8,417331,42,352736.71994500834
baseline_v3,16384,32,2,9,9,611812,42,352736.71994500834
baseline_v3,16384,32,2,9,10,463069,42,352736.71994500834
baseline_v3,16384,32,2,9,11,486928,42,352736.71994500834
baseline_v3,16384,32,2,9,12,544037,42,352736.71994500834
baseline_v3,16384,64,2,10,7,1220764,42,660083.65979530779
baseline_v3,16384,64,2,10,8,1264932,42,660083.65979530779
baseline_v3,16384,64,2,10,9,1185498,42,660083.65979530779
baseline_v3,16384,64,2,10,10,939312,42,660083.65979530779
baseline_v3,16384,64,2,10,11,994196,42,660083.65979530779
baseline_v3,16384,64,2,10,12,915202,42,660083.65979530779
optimized_v4,16384,2048,2,11,7,28071426,42,21978482.187348239
optimized_v4,16384,2048,2,11,8,30814879,42,21978482.187348239
optimized_v4,16384,2048,2,11,9,28059594,42,21978482.187348239
optimized_v4,16384,2048,2,11,10,35700145,42,21978482.187348239
optimized_v4,16384,2048,2,11,11,27678368,42,21978482.187348239
optimized_v4,16384,2048,2,11,12,20867301,42,21978482.187348239
optimized_v4,16384,128,2,12,7,1645954,42,1284671.2712755087
optimized_v4,16384,128,2,12,8,1714152,42,1284671.2712755087
optimized_v4,16384,128,2,12,9,1719811,42,1284671.2712755087
optimized_v4,16384,128,2,12,10,1607785,42,1284671.2712755087
optimized_v4,16384,128,2,12,11,1556271,42,1284671.2712755087
optimized_v4,16384,128,2,12,12,1706513,42,1284671.2712755087
baseline_v3,16384,128,2,13,7,2074778,42,1284671.2712755087
baseline_v3,16384,128,2,13,8,2181753,42,1284671.2712755087
baseline_v3,16384,128,2,13,9,2032347,42,1284671.2712755087
baseline_v3,16384,128,2,13,10,2031846,42,1284671.2712755087
baseline_v3,16384,128,2,13,11,2176285,42,1284671.2712755087
baseline_v3,16384,128,2,13,12,2088203,42,1284671.2712755087
baseline_v3,16384,4096,2,14,7,71157994,42,44120056.654433712
baseline_v3,16384,4096,2,14,8,71054915,42,44120056.654433712
baseline_v3,16384,4096,2,14,9,73846461,42,44120056.654433712
baseline_v3,16384,4096,2,14,10,77849292,42,44120056.654433712
baseline_v3,16384,4096,2,14,11,86555397,42,44120056.654433712
baseline_v3,16384,4096,2,14,12,85499530,42,44120056.654433712
baseline_v3,16384,1024,2,15,7,18191564,42,10771937.672788229
baseline_v3,16384,1024,2,15,8,18499030,42,10771937.672788229
baseline_v3,16384,1024,2,15,9,17756909,42,10771937.672788229
baseline_v3,16384,1024,2,15,10,18544507,42,10771937.672788229
baseline_v3,16384,1024,2,15,11,20856340,42,10771937.672788229
baseline_v3,16384,1024,2,15,12,20795392,42,10771937.672788229
baseline_v3,16384,2048,2,16,7,37227001,42,21978482.187348239
baseline_v3,16384,2048,2,16,8,36597036,42,21978482.187348239
baseline_v3,16384,2048,2,16,9,42712428,42,21978482.187348239
baseline_v3,16384,2048,2,16,10,51450402,42,21978482.187348239
baseline_v3,16384,2048,2,16,11,43906544,42,21978482.187348239
baseline_v3,16384,2048,2,16,12,40453980,42,21978482.187348239
optimized_v4,16384,2048,3,1,13,19670721,42,21978482.187348239
optimized_v4,16384,2048,3,1,14,19799129,42,21978482.187348239
optimized_v4,16384,2048,3,1,15,26749423,42,21978482.187348239
optimized_v4,16384,2048,3,1,16,20042889,42,21978482.187348239
optimized_v4,16384,2048,3,1,17,19909439,42,21978482.187348239
optimized_v4,16384,2048,3,1,18,20224385,42,21978482.187348239
optimized_v4,16384,512,3,2,13,5687683,42,5365761.8426366011
optimized_v4,16384,512,3,2,14,6462001,42,5365761.8426366011
optimized_v4,16384,512,3,2,15,8922877,42,5365761.8426366011
optimized_v4,16384,512,3,2,16,7784371,42,5365761.8426366011
optimized_v4,16384,512,3,2,17,10420543,42,5365761.8426366011
optimized_v4,16384,512,3,2,18,8107687,42,5365761.8426366011
optimized_v4,16384,4096,3,3,13,44711153,42,44120056.654433712
optimized_v4,16384,4096,3,3,14,45616881,42,44120056.654433712
optimized_v4,16384,4096,3,3,15,44742722,42,44120056.654433712
optimized_v4,16384,4096,3,3,16,43522272,42,44120056.654433712
optimized_v4,16384,4096,3,3,17,52281005,42,44120056.654433712
optimized_v4,16384,4096,3,3,18,47669117,42,44120056.654433712
baseline_v3,16384,64,3,4,13,1394458,42,660083.65979530779
baseline_v3,16384,64,3,4,14,1387475,42,660083.65979530779
baseline_v3,16384,64,3,4,15,1011344,42,660083.65979530779
baseline_v3,16384,64,3,4,16,1145837,42,660083.65979530779
baseline_v3,16384,64,3,4,17,970774,42,660083.65979530779
baseline_v3,16384,64,3,4,18,928480,42,660083.65979530779
baseline_v3,16384,4096,3,5,13,74198780,42,44120056.654433712
baseline_v3,16384,4096,3,5,14,70188948,42,44120056.654433712
baseline_v3,16384,4096,3,5,15,71007952,42,44120056.654433712
baseline_v3,16384,4096,3,5,16,72670949,42,44120056.654433712
baseline_v3,16384,4096,3,5,17,76733566,42,44120056.654433712
baseline_v3,16384,4096,3,5,18,73941308,42,44120056.654433712
baseline_v3,16384,2048,3,6,13,40431796,42,21978482.187348239
baseline_v3,16384,2048,3,6,14,36437492,42,21978482.187348239
baseline_v3,16384,2048,3,6,15,36167636,42,21978482.187348239
baseline_v3,16384,2048,3,6,16,37029200,42,21978482.187348239
baseline_v3,16384,2048,3,6,17,36353810,42,21978482.187348239
baseline_v3,16384,2048,3,6,18,36405584,42,21978482.187348239
optimized_v4,16384,256,3,7,13,2473097,42,2602783.1043406166
optimized_v4,16384,256,3,7,14,2437171,42,2602783.1043406166
optimized_v4,16384,256,3,7,15,2547557,42,2602783.1043406166
optimized_v4,16384,256,3,7,16,2737207,42,2602783.1043406166
optimized_v4,16384,256,3,7,17,2488901,42,2602783.1043406166
optimized_v4,16384,256,3,7,18,2689334,42,2602783.1043406166
baseline_v3,16384,512,3,8,13,8777199,42,5365761.8426366011
baseline_v3,16384,512,3,8,14,8945202,42,5365761.8426366011
baseline_v3,16384,512,3,8,15,9282606,42,5365761.8426366011
baseline_v3,16384,512,3,8,16,9705149,42,5365761.8426366011
baseline_v3,16384,512,3,8,17,11224356,42,5365761.8426366011
baseline_v3,16384,512,3,8,18,9635252,42,5365761.8426366011
optimized_v4,16384,1024,3,9,13,11084231,42,10771937.672788229
optimized_v4,16384,1024,3,9,14,10829367,42,10771937.672788229
optimized_v4,16384,1024,3,9,15,10394978,42,10771937.672788229
optimized_v4,16384,1024,3,9,16,11156237,42,10771937.672788229
optimized_v4,16384,1024,3,9,17,10464462,42,10771937.672788229
optimized_v4,16384,1024,3,9,18,10086230,42,10771937.672788229
baseline_v3,16384,128,3,10,13,2086076,42,1284671.2712755087
baseline_v3,16384,128,3,10,14,2000656,42,1284671.2712755087
baseline_v3,16384,128,3,10,15,1970360,42,1284671.2712755087
baseline_v3,16384,128,3,10,16,2042476,42,1284671.2712755087
baseline_v3,16384,128,3,10,17,2003771,42,1284671.2712755087
baseline_v3,16384,128,3,10,18,1991979,42,1284671.2712755087
baseline_v3,16384,1024,3,11,13,17567997,42,10771937.672788229
baseline_v3,16384,1024,3,11,14,19748956,42,10771937.672788229
baseline_v3,16384,1024,3,11,15,20760279,42,10771937.672788229
baseline_v3,16384,1024,3,11,16,20598948,42,10771937.672788229
baseline_v3,16384,1024,3,11,17,21743745,42,10771937.672788229
baseline_v3,16384,1024,3,11,18,20595806,42,10771937.672788229
baseline_v3,16384,256,3,12,13,5202860,42,2602783.1043406166
baseline_v3,16384,256,3,12,14,5079018,42,2602783.1043406166
baseline_v3,16384,256,3,12,15,4490404,42,2602783.1043406166
baseline_v3,16384,256,3,12,16,4542140,42,2602783.1043406166
baseline_v3,16384,256,3,12,17,4315555,42,2602783.1043406166
baseline_v3,16384,256,3,12,18,5068063,42,2602783.1043406166
baseline_v3,16384,32,3,13,13,503281,42,352736.71994500834
baseline_v3,16384,32,3,13,14,655944,42,352736.71994500834
baseline_v3,16384,32,3,13,15,634969,42,352736.71994500834
baseline_v3,16384,32,3,13,16,623149,42,352736.71994500834
baseline_v3,16384,32,3,13,17,546458,42,352736.71994500834
baseline_v3,16384,32,3,13,18,668219,42,352736.71994500834
optimized_v4,16384,128,3,14,13,1720934,42,1284671.2712755087
optimized_v4,16384,128,3,14,14,1645190,42,1284671.2712755087
optimized_v4,16384,128,3,14,15,1398148,42,1284671.2712755087
optimized_v4,16384,128,3,14,16,1431509,42,1284671.2712755087
optimized_v4,16384,128,3,14,17,1493581,42,1284671.2712755087
optimized_v4,16384,128,3,14,18,1569357,42,1284671.2712755087
optimized_v4,16384,64,3,15,13,1055786,42,660083.65979530779
optimized_v4,16384,64,3,15,14,1419281,42,660083.65979530779
optimized_v4,16384,64,3,15,15,1137623,42,660083.65979530779
optimized_v4,16384,64,3,15,16,1026638,42,660083.65979530779
optimized_v4,16384,64,3,15,17,1188013,42,660083.65979530779
optimized_v4,16384,64,3,15,18,2148366,42,660083.65979530779
optimized_v4,16384,32,3,16,13,465358,42,352736.71994500834
optimized_v4,16384,32,3,16,14,423690,42,352736.71994500834
optimized_v4,16384,32,3,16,15,519193,42,352736.71994500834
optimized_v4,16384,32,3,16,16,318583,42,352736.71994500834
optimized_v4,16384,32,3,16,17,301431,42,352736.71994500834
optimized_v4,16384,32,3,16,18,352488,42,352736.71994500834
optimized_v4,16384,512,4,1,19,5597920,42,5365761.8426366011
optimized_v4,16384,512,4,1,20,5743333,42,5365761.8426366011
optimized_v4,16384,512,4,1,21,5064524,42,5365761.8426366011
optimized_v4,16384,512,4,1,22,5203641,42,5365761.8426366011
optimized_v4,16384,512,4,1,23,6155598,42,5365761.8426366011
optimized_v4,16384,512,4,1,24,6267887,42,5365761.8426366011
baseline_v3,16384,1024,4,2,19,18590015,42,10771937.672788229
baseline_v3,16384,1024,4,2,20,20498823,42,10771937.672788229
baseline_v3,16384,1024,4,2,21,18821661,42,10771937.672788229
baseline_v3,16384,1024,4,2,22,17793628,42,10771937.672788229
baseline_v3,16384,1024,4,2,23,18509701,42,10771937.672788229
baseline_v3,16384,1024,4,2,24,18099528,42,10771937.672788229
baseline_v3,16384,32,4,3,19,474283,42,352736.71994500834
baseline_v3,16384,32,4,3,20,480000,42,352736.71994500834
baseline_v3,16384,32,4,3,21,472378,42,352736.71994500834
baseline_v3,16384,32,4,3,22,475205,42,352736.71994500834
baseline_v3,16384,32,4,3,23,436954,42,352736.71994500834
baseline_v3,16384,32,4,3,24,472037,42,352736.71994500834
optimized_v4,16384,4096,4,4,19,53702839,42,44120056.654433712
optimized_v4,16384,4096,4,4,20,53449311,42,44120056.654433712
optimized_v4,16384,4096,4,4,21,61738597,42,44120056.654433712
optimized_v4,16384,4096,4,4,22,87858735,42,44120056.654433712
optimized_v4,16384,4096,4,4,23,62396271,42,44120056.654433712
optimized_v4,16384,4096,4,4,24,57357411,42,44120056.654433712
baseline_v3,16384,256,4,5,19,4562124,42,2602783.1043406166
baseline_v3,16384,256,4,5,20,5147893,42,2602783.1043406166
baseline_v3,16384,256,4,5,21,5055936,42,2602783.1043406166
baseline_v3,16384,256,4,5,22,4305812,42,2602783.1043406166
baseline_v3,16384,256,4,5,23,5087726,42,2602783.1043406166
baseline_v3,16384,256,4,5,24,5103710,42,2602783.1043406166
optimized_v4,16384,1024,4,6,19,11349727,42,10771937.672788229
optimized_v4,16384,1024,4,6,20,11099253,42,10771937.672788229
optimized_v4,16384,1024,4,6,21,11770523,42,10771937.672788229
optimized_v4,16384,1024,4,6,22,10722885,42,10771937.672788229
optimized_v4,16384,1024,4,6,23,10672147,42,10771937.672788229
optimized_v4,16384,1024,4,6,24,13046663,42,10771937.672788229
optimized_v4,16384,64,4,7,19,643458,42,660083.65979530779
optimized_v4,16384,64,4,7,20,635351,42,660083.65979530779
optimized_v4,16384,64,4,7,21,662100,42,660083.65979530779
optimized_v4,16384,64,4,7,22,930787,42,660083.65979530779
optimized_v4,16384,64,4,7,23,976467,42,660083.65979530779
optimized_v4,16384,64,4,7,24,1080177,42,660083.65979530779
optimized_v4,16384,256,4,8,19,3042425,42,2602783.1043406166
optimized_v4,16384,256,4,8,20,2568722,42,2602783.1043406166
optimized_v4,16384,256,4,8,21,2588993,42,2602783.1043406166
optimized_v4,16384,256,4,8,22,3161739,42,2602783.1043406166
optimized_v4,16384,256,4,8,23,3025288,42,2602783.1043406166
optimized_v4,16384,256,4,8,24,2642490,42,2602783.1043406166
baseline_v3,16384,128,4,9,19,2459760,42,1284671.2712755087
baseline_v3,16384,128,4,9,20,2835595,42,1284671.2712755087
baseline_v3,16384,128,4,9,21,2228445,42,1284671.2712755087
baseline_v3,16384,128,4,9,22,2281854,42,1284671.2712755087
baseline_v3,16384,128,4,9,23,2146917,42,1284671.2712755087
baseline_v3,16384,128,4,9,24,1957628,42,1284671.2712755087
baseline_v3,16384,512,4,10,19,8714993,42,5365761.8426366011
baseline_v3,16384,512,4,10,20,8807035,42,5365761.8426366011
baseline_v3,16384,512,4,10,21,8643114,42,5365761.8426366011
baseline_v3,16384,512,4,10,22,8778424,42,5365761.8426366011
baseline_v3,16384,512,4,10,23,8729695,42,5365761.8426366011
baseline_v3,16384,512,4,10,24,8910998,42,5365761.8426366011
baseline_v3,16384,64,4,11,19,922585,42,660083.65979530779
baseline_v3,16384,64,4,11,20,1116660,42,660083.65979530779
baseline_v3,16384,64,4,11,21,1176777,42,660083.65979530779
baseline_v3,16384,64,4,11,22,1044350,42,660083.65979530779
baseline_v3,16384,64,4,11,23,960820,42,660083.65979530779
baseline_v3,16384,64,4,11,24,939771,42,660083.65979530779
optimized_v4,16384,32,4,12,19,498476,42,352736.71994500834
optimized_v4,16384,32,4,12,20,391551,42,352736.71994500834
optimized_v4,16384,32,4,12,21,393402,42,352736.71994500834
optimized_v4,16384,32,4,12,22,462785,42,352736.71994500834
optimized_v4,16384,32,4,12,23,412820,42,352736.71994500834
optimized_v4,16384,32,4,12,24,336829,42,352736.71994500834
baseline_v3,16384,2048,4,13,19,40885372,42,21978482.187348239
baseline_v3,16384,2048,4,13,20,41136376,42,21978482.187348239
baseline_v3,16384,2048,4,13,21,42338770,42,21978482.187348239
baseline_v3,16384,2048,4,13,22,44084234,42,21978482.187348239
baseline_v3,16384,2048,4,13,23,46607532,42,21978482.187348239
baseline_v3,16384,2048,4,13,24,45289294,42,21978482.187348239
baseline_v3,16384,4096,4,14,19,91311674,42,44120056.654433712
baseline_v3,16384,4096,4,14,20,77948741,42,44120056.654433712
baseline_v3,16384,4096,4,14,21,78378788,42,44120056.654433712
baseline_v3,16384,4096,4,14,22,77454547,42,44120056.654433712
baseline_v3,16384,4096,4,14,23,78189322,42,44120056.654433712
baseline_v3,16384,4096,4,14,24,77515873,42,44120056.654433712
optimized_v4,16384,2048,4,15,19,30519483,42,21978482.187348239
optimized_v4,16384,2048,4,15,20,26082300,42,21978482.187348239
optimized_v4,16384,2048,4,15,21,27483092,42,21978482.187348239
optimized_v4,16384,2048,4,15,22,27246317,42,21978482.187348239
optimized_v4,16384,2048,4,15,23,25065274,42,21978482.187348239
optimized_v4,16384,2048,4,15,24,22704652,42,21978482.187348239
optimized_v4,16384,128,4,16,19,1756760,42,1284671.2712755087
optimized_v4,16384,128,4,16,20,1310311,42,1284671.2712755087
optimized_v4,16384,128,4,16,21,1503920,42,1284671.2712755087
optimized_v4,16384,128,4,16,22,1691881,42,1284671.2712755087
optimized_v4,16384,128,4,16,23,1689774,42,1284671.2712755087
optimized_v4,16384,128,4,16,24,1465569,42,1284671.2712755087
baseline_v3,16384,128,5,1,25,2172645,42,1284671.2712755087
baseline_v3,16384,128,5,1,26,2083280,42,1284671.2712755087
baseline_v3,16384,128,5,1,27,2108017,42,1284671.2712755087
baseline_v3,16384,128,5,1,28,2567432,42,1284671.2712755087
baseline_v3,16384,128,5,1,29,2387028,42,1284671.2712755087
baseline_v3,16384,128,5,1,30,2198908,42,1284671.2712755087
optimized_v4,16384,2048,5,2,25,36986238,42,21978482.187348239
optimized_v4,16384,2048,5,2,26,52387894,42,21978482.187348239
optimized_v4,16384,2048,5,2,27,31279348,42,21978482.187348239
optimized_v4,16384,2048,5,2,28,36200265,42,21978482.187348239
optimized_v4,16384,2048,5,2,29,39743126,42,21978482.187348239
optimized_v4,16384,2048,5,2,30,36350860,42,21978482.187348239
optimized_v4,16384,256,5,3,25,4455372,42,2602783.1043406166
optimized_v4,16384,256,5,3,26,3951665,42,2602783.1043406166
optimized_v4,16384,256,5,3,27,4047919,42,2602783.1043406166
optimized_v4,16384,256,5,3,28,4119508,42,2602783.1043406166
optimized_v4,16384,256,5,3,29,5020474,42,2602783.1043406166
optimized_v4,16384,256,5,3,30,4107329,42,2602783.1043406166
baseline_v3,16384,1024,5,4,25,20188203,42,10771937.672788229
baseline_v3,16384,1024,5,4,26,20504028,42,10771937.672788229
baseline_v3,16384,1024,5,4,27,20517222,42,10771937.672788229
baseline_v3,16384,1024,5,4,28,20383913,42,10771937.672788229
baseline_v3,16384,1024,5,4,29,19966247,42,10771937.672788229
baseline_v3,16384,1024,5,4,30,20458185,42,10771937.672788229
optimized_v4,16384,64,5,5,25,1064804,42,660083.65979530779
optimized_v4,16384,64,5,5,26,1394844,42,660083.65979530779
optimized_v4,16384,64,5,5,27,958816,42,660083.65979530779
optimized_v4,16384,64,5,5,28,807456,42,660083.65979530779
optimized_v4,16384,64,5,5,29,784664,42,660083.65979530779
optimized_v4,16384,64,5,5,30,792858,42,660083.65979530779
baseline_v3,16384,32,5,6,25,673363,42,352736.71994500834
baseline_v3,16384,32,5,6,26,623486,42,352736.71994500834
baseline_v3,16384,32,5,6,27,581412,42,352736.71994500834
baseline_v3,16384,32,5,6,28,474678,42,352736.71994500834
baseline_v3,16384,32,5,6,29,587610,42,352736.71994500834
baseline_v3,16384,32,5,6,30,567484,42,352736.71994500834
optimized_v4,16384,32,5,7,25,485258,42,352736.71994500834
optimized_v4,16384,32,5,7,26,520875,42,352736.71994500834
optimized_v4,16384,32,5,7,27,499253,42,352736.71994500834
optimized_v4,16384,32,5,7,28,537248,42,352736.71994500834
optimized_v4,16384,32,5,7,29,562923,42,352736.71994500834
optimized_v4,16384,32,5,7,30,539965,42,352736.71994500834
baseline_v3,16384,64,5,8,25,945283,42,660083.65979530779
baseline_v3,16384,64,5,8,26,993539,42,660083.65979530779
baseline_v3,16384,64,5,8,27,949630,42,660083.65979530779
baseline_v3,16384,64,5,8,28,1057848,42,660083.65979530779
baseline_v3,16384,64,5,8,29,1230980,42,660083.65979530779
baseline_v3,16384,64,5,8,30,1141568,42,660083.65979530779
optimized_v4,16384,128,5,9,25,1317199,42,1284671.2712755087
optimized_v4,16384,128,5,9,26,1281066,42,1284671.2712755087
optimized_v4,16384,128,5,9,27,1294700,42,1284671.2712755087
optimized_v4,16384,128,5,9,28,1311053,42,1284671.2712755087
optimized_v4,16384,128,5,9,29,1302016,42,1284671.2712755087
optimized_v4,16384,128,5,9,30,1300231,42,1284671.2712755087
baseline_v3,16384,2048,5,10,25,41333333,42,21978482.187348239
baseline_v3,16384,2048,5,10,26,39942848,42,21978482.187348239
baseline_v3,16384,2048,5,10,27,39061165,42,21978482.187348239
baseline_v3,16384,2048,5,10,28,38748632,42,21978482.187348239
baseline_v3,16384,2048,5,10,29,41780954,42,21978482.187348239
baseline_v3,16384,2048,5,10,30,41742228,42,21978482.187348239
optimized_v4,16384,512,5,11,25,4898708,42,5365761.8426366011
optimized_v4,16384,512,5,11,26,6520458,42,5365761.8426366011
optimized_v4,16384,512,5,11,27,4966707,42,5365761.8426366011
optimized_v4,16384,512,5,11,28,5177631,42,5365761.8426366011
optimized_v4,16384,512,5,11,29,6221369,42,5365761.8426366011
optimized_v4,16384,512,5,11,30,5004572,42,5365761.8426366011
baseline_v3,16384,256,5,12,25,4111398,42,2602783.1043406166
baseline_v3,16384,256,5,12,26,4365532,42,2602783.1043406166
baseline_v3,16384,256,5,12,27,5019063,42,2602783.1043406166
baseline_v3,16384,256,5,12,28,4101015,42,2602783.1043406166
baseline_v3,16384,256,5,12,29,4167279,42,2602783.1043406166
baseline_v3,16384,256,5,12,30,4663279,42,2602783.1043406166
optimized_v4,16384,1024,5,13,25,10191222,42,10771937.672788229
optimized_v4,16384,1024,5,13,26,9505749,42,10771937.672788229
optimized_v4,16384,1024,5,13,27,10350789,42,10771937.672788229
optimized_v4,16384,1024,5,13,28,10276332,42,10771937.672788229
optimized_v4,16384,1024,5,13,29,10227095,42,10771937.672788229
optimized_v4,16384,1024,5,13,30,9937208,42,10771937.672788229
baseline_v3,16384,512,5,14,25,8873332,42,5365761.8426366011
baseline_v3,16384,512,5,14,26,9660229,42,5365761.8426366011
baseline_v3,16384,512,5,14,27,9324224,42,5365761.8426366011
baseline_v3,16384,512,5,14,28,9530549,42,5365761.8426366011
baseline_v3,16384,512,5,14,29,9364366,42,5365761.8426366011
baseline_v3,16384,512,5,14,30,9038069,42,5365761.8426366011
baseline_v3,16384,4096,5,15,25,81477410,42,44120056.654433712
baseline_v3,16384,4096,5,15,26,79446036,42,44120056.654433712
baseline_v3,16384,4096,5,15,27,80934743,42,44120056.654433712
baseline_v3,16384,4096,5,15,28,83933726,42,44120056.654433712
baseline_v3,16384,4096,5,15,29,80254314,42,44120056.654433712
baseline_v3,16384,4096,5,15,30,80371001,42,44120056.654433712
optimized_v4,16384,4096,5,16,25,45858768,42,44120056.654433712
optimized_v4,16384,4096,5,16,26,72040501,42,44120056.654433712
optimized_v4,16384,4096,5,16,27,59468885,42,44120056.654433712
optimized_v4,16384,4096,5,16,28,54411435,42,44120056.654433712
optimized_v4,16384,4096,5,16,29,50791039,42,44120056.654433712
optimized_v4,16384,4096,5,16,30,49329846,42,44120056.654433712
